customer_id,customer_name,email,phone,address,updated_at,crm_ingested_at
CUST0001,佐藤 太郎,taro.sato@example.com,090-1111-0001,東京都千代田区丸の内1-1-1,2026-08-01 09:15:00,2026-08-02 02:00:00
CUST0002,鈴木 花子,hanako.suzuki@example.com,090-1111-0002,大阪府大阪市北区梅田2-2-2,2026-08-01 10:20:00,2026-08-02 02:00:00
CUST0003,高橋 健一,kenichi.takahashi@example.com,090-1111-0003,愛知県名古屋市中村区名駅3-3-3,2026-08-01 11:05:00,2026-08-02 02:00:00
CUST0004,田中 美咲,misaki.tanaka@example.com,090-1111-0004,福岡県福岡市博多区博多駅前4-4-4,2026-08-01 12:30:00,2026-08-02 02:00:00
CUST0005,伊藤 大輔,,090-1111-0005,北海道札幌市中央区大通西5-5-5,2026-08-01 13:45:00,2026-08-02 02:00:00
CUST0006,渡辺 由美,yumi.watanabe@example.com,090-1111-0006,宮城県仙台市青葉区中央6-6-6,2026-08-01 14:10:00,2026-08-02 02:00:00
" CUST0007 ",山本 翔,sho.yamamoto@example.com,090-1111-0007,広島県広島市中区紙屋町7-7-7,2026-08-01 15:00:00,2026-08-02 02:00:00
CUST0008,中村 彩,aya.nakamura@example.com,090-1111-0008,京都府京都市下京区烏丸通8-8-8,2026-08-01 16:25:00,2026-08-02 02:00:00
cust0009,小林 拓也,takuya.kobayashi@example.com,090-1111-0009,神奈川県横浜市西区みなとみらい9-9-9,2026-08-01 17:40:00,2026-08-02 02:00:00
CUST0010,加藤 里奈,rina.kato@example.com,090-1111-0010,兵庫県神戸市中央区三宮町10-10-10,2026-08-01 18:55:00,2026-08-02 02:00:00
